SubNo,Title,Playtime,Date,Url,Thumbnail
28,안뇽 퓨즈😀,12:06,2024/01/10 20:33:00,https://weverse.io/onf/live/1-133021421,
27,안뇽 퓨즈😁💕,22:15,2024/01/11 19:02:00,https://weverse.io/onf/live/4-146820286,
26,❤️ 생일파티 같이하자 ❤️,01:35:50,2024/01/12 23:37:00,https://weverse.io/onf/live/3-146955669,
25,안뇽 퓨즈😁,33:30,2024/01/13 17:43:00,https://weverse.io/onf/live/4-147050631,
24,퓨즈 ❤️,18:55,2024/01/15 23:25:00,https://weverse.io/onf/live/1-133392101,
23,🥱,12:31,2024/01/16 01:05:00,https://weverse.io/onf/live/3-147456946,
22,울또네 출장👨🏻‍🍳,57:22,2024/01/16 21:04:00,https://weverse.io/onf/live/1-133451300,
21,이시간에 요리👨🏻‍🍳,31:39,2024/01/18 22:52:00,https://weverse.io/onf/live/1-133590116,
20,커피,01:20,2024/01/20 12:23:00,https://weverse.io/onf/live/4-148004974,
19,커피,33:37,2024/01/20 12:25:00,https://weverse.io/onf/live/3-147995085,
18,😛,21:44,2024/01/21 13:37:00,https://weverse.io/onf/live/4-148134742,
17,안뇽 퓨즈💕,15:29,2024/01/21 19:30:00,https://weverse.io/onf/live/1-133757335,
16,모지 ?,20:04,2024/01/21 22:19:00,https://weverse.io/onf/live/4-148183418,
15,Night Flight✈️,48:52,2024/01/21 23:52:00,https://weverse.io/onf/live/3-148186430,
14,😃,18:37,2024/01/22 19:00:00,https://weverse.io/onf/live/4-148277753,
13,굿밤,21:53,2024/01/23 00:44:00,https://weverse.io/onf/live/3-148342807,
12,HAPPY WYATT DAY🖤 꺼얌이 왔엇🎂,55:45,2024/01/23 14:00:00,https://weverse.io/onf/live/4-148393387,https://phinf.wevpstatic.net/MjAyNDAxMjNfMzYg/MDAxNzA1OTg2MDA2MDAw.LjXP19lGvsNknswiEho2tczRwPpnVvzG2z-F5YhUCAQg.qgQWAwwtQI6o7i2H_e55us7RaNMctSazXndpe58Ghs4g.JPEG/image.jpg?type=f640_360
11,🫶,22:32,2024/01/24 16:22:00,https://weverse.io/onf/live/4-148514235,https://phinf.wevpstatic.net/MjAyNDAxMjRfMTM3/MDAxNzA2MDgwOTE0NDg3.cg2gBoe2XhYlJUL8BQkDNwVg1tzDO3yyk8z0kNwwX-Eg._7fMDpV9kmHxeDsL1EGDYXeaxoKbd7NOlQagM-wR_GMg.JPEG/image.jpg?type=f640_360
10,이션입니당,35:00,2024/01/24 16:56:00,https://weverse.io/onf/live/4-148515992,https://phinf.wevpstatic.net/MjAyNDAxMjRfNzAg/MDAxNzA2MDg1MjM4MTMy.w_LgDkbC-jfmvxs1zkbZS92PBCj-wDpEioOK1_SysDkg.rLyLSUofzYbB1r299W7jF6zZFZbDs3DCJwLuF7YtFEMg.JPEG/0b6a2ac3-ba93-11ee-aac4-80615f0bcbc6_03.jpg?type=f_or_off_640_360
9,오늘도 수고했어 퓨즈 ❤️,40:35,2024/01/24 20:36:00,https://weverse.io/onf/live/1-133940356,https://phinf.wevpstatic.net/MjAyNDAxMjRfMjcy/MDAxNzA2MDk2MTk2OTYw.McdhIKg9CmGcFltO-jXZmnssFacg1TWgfbK5qp9Ay2Qg.fuZVEDfSl9hj1G3FLPLKwmywAWSSYBIcZhg9DtR7s7Qg.JPEG/image.jpg?type=f640_360
8,온앤오프 마리오 카트 대결 라이브 제 2탄🚗 ONF vs FUSE💡,02:05:11,2024/01/26 19:50:00,https://weverse.io/onf/live/3-148793673,https://phinf.wevpstatic.net/MjAyNDAxMjZfMjUg/MDAxNzA2MjU5MTgxMzgy.XBEuyUm997rftZsUy_pW0-zdvuEKeCDIS9VKpxbAzlEg.G0OhtqX3P49E5gXQtR-quf-YmHI4CCPZcOuNm4W7ry4g.JPEG/cdfa6e4a-62f9-46b0-af83-2ab86f97aed4.jpeg?type=f640_360
7,이션먹방,17:52,2024/01/27 18:43:00,https://weverse.io/onf/live/3-148925612,https://phinf.wevpstatic.net/MjAyNDAxMjdfMjEy/MDAxNzA2MzQ4NTc2Njcy.F6TwHHJzDRYyw06Lg2_N0SNgmzIG1GQ8y91Ce_quCVAg.PzBWH1hTh-zO6oOSxano4VOgkOXfM_t28OBdhwNEndsg.JPEG/image.jpg?type=f640_360
6,굿나잇⭐️,36:19,2024/01/28 00:03:00,https://weverse.io/onf/live/4-148975499,https://phinf.wevpstatic.net/MjAyNDAxMjhfMiAg/MDAxNzA2MzY3Nzg2Mjkx.IZUh7vm3WBl65QuRVinA-hSOkYUmxbrPxl3mh8JIZG4g.Th7eLTVxYbihUZ17xulhxnFQrhZiHnj-xJY-5h8j1t0g.JPEG/image.jpg?type=f640_360
5,😋,00:58,2024/01/29 20:46:00,https://weverse.io/onf/live/1-134279898,https://phinf.wevpstatic.net/MjAyNDAxMjlfMjAy/MDAxNzA2NTI4Nzg5NjA5.GUrFNRM5W-ehI1c5bCrTvOpKfxTHelQFQmG8kSDvC5og.LId0v90Y8ziLU88N5H9rD_RxjBmOYB16riGP188zaE4g.JPEG/image.jpg?type=f640_360
4,😋,00:59,2024/01/29 20:48:00,https://weverse.io/onf/live/3-149200560,https://phinf.wevpstatic.net/MjAyNDAxMjlfMjg4/MDAxNzA2NTI4ODc3ODE3.j9iCRIMsPsVuTIxs6KsmMbTVWQAbfa1ovnC23SU-m2sg.rfmLA6GBgRJDSigSsN5_ZJTPkLuh5U3UUr4tZoUI8eAg.JPEG/image.jpg?type=f640_360
3,😚,03:40,2024/01/29 20:49:00,https://weverse.io/onf/live/3-149200733,https://phinf.wevpstatic.net/MjAyNDAxMjlfMTcy/MDAxNzA2NTI4OTY3Mjgz.YdXymkEJOzTy-pKfWk-iYbzClTzwwfmnk7D9k5Y2e3Qg.FhyxWgL-ZJHKnUR0iwqnt1d8J4UlM1jqjHQpgFPPZCog.JPEG/image.jpg?type=f640_360
2,Hello❤️,39:06,2024/01/30 23:14:00,https://weverse.io/onf/live/0-134347838,https://phinf.wevpstatic.net/MjAyNDAxMzBfNzUg/MDAxNzA2NjI0MDMxOTc4.lRd7ecj5Hest4k5w73732CCtLbeF5zLLut_dtnqyL5kg.v_dA2wb1Fy6qqMF1sgQIXGWu3a1yKWN8Tp7HuVYZu5Yg.JPEG/image.jpg?type=f640_360
1,🤪,33:25,2024/01/31 01:12:00,https://weverse.io/onf/live/2-134361757,https://phinf.wevpstatic.net/MjAyNDAxMzFfMjAx/MDAxNzA2NjMxMTA1OTkz.MRE8RApN8MOZ1EllRzwakkowKxyPhpW4_EpejVikpXAg.bpD0IvEStkG4XazL1BS4ppzQFTRaUDL9KW15Mwk6EMMg.JPEG/image.jpg?type=f640_360
